MakeModel,Year
OTHER-NOT IN LIST OTHER,2017
OTHER-NOT IN LIST OTHER,2016
FORD FUSION,2016
MITSUBISHI OTHER,2016
JEEP CHEROKEE,2016
FORD EXPLORER,2016
CHRYSLER 300,2016
CADILLAC SRX,2015
OTHER-NOT IN LIST OTHER,2014
CHEVROLET CRUZE,2014
CHEVROLET OTHER,2014
DODGE DART,2013
CHEVROLET MALIBU,2013
NISSAN ALTIMA,2013
FORD FUSION,2013
HONDA CIVIC,2013
HYUNDAI SONATA,2013
FORD EXPLORER,2012
CHEVROLET MALIBU,2012
CHEVROLET MALIBU,2011
CHEVROLET HHR,2011
CHEVROLET CRUZE,2011
KIA SORENTO,2011
CHEVROLET EQUINOX,2011
HYUNDAI ACCENT,2010
FORD ESCAPE,2010
DODGE AVENGER,2010
TOYOTA CAMRY,2010
FORD FOCUS,2009
CHEVROLET HHR,2009
CHEVROLET IMPALA,2009
FORD FUSION,2009
HONDA OTHER,2009
MERCURY GRAND MARQ,2009
CHEVROLET AVEO,2009
TOYOTA COROLLA,2009
DODGE AVENGER,2009
PONTIAC VIBE,2009
NISSAN ALTIMA,2009
FORD ECONOLINE,2009
NISSAN MURANO,2009
CHEVROLET MALIBU,2009
CHEVROLET HHR,2008
CHRYSLER SEBRING,2008
CHEVROLET COBALT,2008
KIA SORENTO,2008
NISSAN ALTIMA,2008
HONDA ODYSSEY,2008
CHEVROLET IMPALA,2008
FORD RANGER,2008
MITSUBISHI LANCER,2008
DODGE DAKOTA,2008
CHRYSLER 300,2008
KAWASAKI OTHER,2008
GMC YUKON XL 1500,2007
CHRYSLER TOWN-COUNT,2007
KIA OTHER,2007
KIA SPECTRA,2007
BMW 5 SERIES,2007
DODGE MAGNUM,2007
LINCOLN MKZ,2007
JEEP COMMANDER,2007
MITSUBISHI OTHER,2007
MITSUBISHI GALLANT,2007
FORD FOCUS,2007
SATURN AURA,2007
CHEVROLET IMPALA,2007
CHEVROLET IMPALA,2007
FORD TAURUS,2007
MAZDA OTHER,2007
BUICK LUCERNE,2007
BUICK LUCERNE,2006
CHRYSLER PACIFICA,2006
BMW X5,2006
CHEVROLET IMPALA,2006
NISSAN ALTIMA,2006
PONTIAC G6,2006
MITSUBISHI GALLANT,2006
BUICK LUCERNE,2006
PONTIAC GRAND PRIX,2006
CHEVROLET HHR,2006
PONTIAC G6,2006
NISSAN ALTIMA,2006
SUZUKI OTHER,2006
HONDA ACCORD,2006
FORD F150,2006
HONDA PILOT,2006
SUZUKI OTHER,2006
CHEVROLET IMPALA,2006
DODGE GRAND CARA,2006
PONTIAC G6,2006
CHEVROLET IMPALA,2006
CHEVROLET EXPRESS,2006
HONDA CIVIC,2006
HONDA MC - CBR-SERIES,2006
SATURN ION,2005
DODGE DURANGO,2005
DODGE DURANGO,2005
HONDA ACCORD,2005
CHEVROLET COBALT,2005
ACURA TL,2005
TOYOTA CAMRY,2005
NISSAN ALTIMA,2005
JEEP GRAND CHER,2005
CHEVROLET IMPALA,2005
CHEVROLET COBALT,2005
DODGE RAM,2005
BMW 3 SERIES,2005
TOYOTA COROLLA,2005
CADILLAC STS,2005
CHEVROLET EQUINOX,2005
NISSAN MAXIMA,2005
ACURA MDX,2005
DODGE CARAVAN,2005
CHEVROLET EQUINOX,2005
FORD FIVE HUNDRED,2005
FORD TAURUS,2005
SUBARU LEGACY,2005
CHEVROLET CAVALIER,2005
GMC YUKON,2005
KIA SPORTAGE,2005
FORD ESCAPE,2005
FORD ESCAPE,2005
MERCURY SABLE,2005
FORD FREESTAR,2005
NISSAN SENTRA,2004
CHRYSLER SEBRING,2004
FORD RANGER,2004
CHRYSLER SEBRING,2004
CHEVROLET TAHOE,2004
CHEVROLET TRAIL BLAZER,2004
BMW 3 SERIES,2004
OLDSMOBILE ALERO,2004
TOYOTA COROLLA,2004
SATURN L SERIES,2004
TOYOTA COROLLA,2004
TOYOTA CAMRY,2004
SATURN ION,2004
PONTIAC GRAND PRIX,2004
CHEVROLET TRAIL BLAZER,2004
CHRYSLER PT CRUISER,2004
HYUNDAI ELANTRA,2004
CHEVROLET TRAIL BLAZER,2004
FORD F150,2004
NISSAN MAXIMA,2004
CHEVROLET IMPALA,2004
CHRYSLER PACIFICA,2004
CHEVROLET S-10 PICK-UP,2003
NISSAN ALTIMA,2003
FORD TAURUS,2003
PONTIAC SUNFIRE,2003
SATURN VUE,2003
ACURA TL,2003
CHEVROLET TAHOE,2003
FORD FOCUS,2003
CHRYSLER TOWN-COUNT,2003
JEEP LIBERTY,2003
TOYOTA COROLLA,2003
FORD TAURUS,2003
HONDA ACCORD,2003
FORD MUSTANG,2003
PONTIAC SUNFIRE,2003
CHRYSLER CONCORDE,2003
CHEVROLET VENTURE,2003
FORD EXPLORER,2003
MERCEDES CLK-CLASS,2003
FORD ECONOLINE,2003
FORD MUSTANG,2003
CHEVROLET EXPRESS,2003
TOYOTA TUNDRA,2003
KIA OTHER,2003
FORD WINDSTAR,2003
DODGE DURANGO,2003
CHEVROLET EXPRESS,2003
VOLKSWAGEN JETTA,2003
FORD ESCORT,2002
BUICK PARK AVENUE,2002
HYUNDAI ELANTRA,2002
TOYOTA SEQUOIA,2002
CHEVROLET ASTRO VAN,2002
FORD FOCUS,2002
HYUNDAI SONATA,2002
CHEVROLET CAVALIER,2002
PONTIAC GRAND AM,2002
GMC YUKON XL 1500,2002
HONDA CRV,2002
FORD EXPLORER,2002
CHEVROLET IMPALA,2002
CHEVROLET IMPALA,2002
PONTIAC GRAND AM,2002
CHRYSLER PT CRUISER,2002
FORD EXPLORER,2002
OLDSMOBILE ALERO,2002
FORD TAURUS,2002
CHEVROLET MALIBU,2002
SUBARU IMPREZA,2002
CHEVROLET TRAIL BLAZER,2002
INFINITI I35,2002
NISSAN MAXIMA,2002
OLDSMOBILE BROVADO,2002
FORD F150,2002
FORD EXPLORER,2002
FORD FOCUS,2002
MITSUBISHI GALLANT,2002
CHEVROLET CAMARO,2002
CHEVROLET SILVERADO,2002
HYUNDAI ELANTRA,2002
CHEVROLET IMPALA,2001
HONDA ODYSSEY,2001
JEEP GRAND CHER,2001
FORD MUSTANG,2001
NISSAN ALTIMA,2001
PONTIAC GRAND PRIX,2001
OLDSMOBILE AURORA,2001
BUICK CENTURY,2001
TOYOTA CAMRY,2001
CHEVROLET SUBURBAN,2001
DODGE RAM,2001
SATURN S SERIES,2001
MITSUBISHI ECLIPSE,2001
OLDSMOBILE ALERO,2001
YAMAHA OTHER,2001
DODGE RAM,2001
MAZDA PROTEGE,2001
FORD EXPLORER,2001
CHRYSLER PT CRUISER,2001
CHRYSLER VOYAGER,2001
GMC YUKON,2001
KAWASAKI OTHER,2001
TRAILER-GENERIC TRAILER,2001
NISSAN MAXIMA,2001
CHEVROLET PRIZM,2001
FORD ECONOLINE,2000
CHEVROLET SILVERADO,2000
CHEVROLET CAVALIER,2000
HONDA CIVIC,2000
HONDA ACCORD,2000
INFINITI I30,2000
FORD F150,2000
NISSAN MAXIMA,2000
FORD MUSTANG,2000
FORD CONTOUR,2000
FORD ECONOLINE,2000
MITSUBISHI DIAMANTE,2000
CHEVROLET MONTE CARLO,2000
FORD MUSTANG,2000
FORD F150,2000
CHRYSLER GRAND VOYAGER,2000
CHEVROLET MALIBU,2000
SATURN L SERIES,2000
CHEVROLET IMPALA,2000
LINCOLN NAVIGATOR,2000
PONTIAC GRAND AM,2000
VOLKSWAGEN CABRIO,2000
JEEP GRAND CHER,2000
CHEVROLET MONTE CARLO,2000
DODGE DAKOTA,2000
JEEP GRAND CHER,2000
CHEVROLET IMPALA,2000
LEXUS RX 300,2000
FORD F150,2000
DODGE CARAVAN,2000
MERCEDES M-CLASS,2000
CHEVROLET IMPALA,2000
FORD ECONOLINE,2000
PONTIAC GRAND AM,2000
CHEVROLET IMPALA,2000
NISSAN SENTRA,2000
CHEVROLET ASTRO VAN,2000
FORD EXPLORER,1999
GMC SIERRA,1999
HONDA ACCORD,1999
HONDA ACCORD,1999
DODGE RAM,1999
FORD EXPLORER,1999
DODGE RAM,1999
TOYOTA CAMRY,1999
FORD TAURUS,1999
PLYMOUTH VOYAGER,1999
OLDSMOBILE BROVADO,1999
CHEVROLET CAVALIER,1999
PONTIAC GRAND AM,1999
CHEVROLET LUMINA,1999
MERCURY COUGAR,1999
MERCURY COUGAR,1999
MERCURY MOUNTAINEER,1999
CHEVROLET S-10 PICK-UP,1999
LINCOLN TOWN CAR,1999
MERCEDES E-CLASS,1999
FORD MUSTANG,1999
CHEVROLET SILVERADO,1999
GMC SONOMA,1998
MERCURY GRAND MARQ,1998
MITSUBISHI DIAMANTE,1998
BUICK CENTURY,1998
GMC ENVOY,1998
HONDA CIVIC,1998
PLYMOUTH NEON,1998
LINCOLN TOWN CAR,1998
ACURA RL,1998
NISSAN MAXIMA,1998
SAAB 900,1998
JEEP GRAND CHER,1998
FORD F150,1998
HONDA ACCORD,1998
FORD RANGER,1998
MITSUBISHI GALLANT,1998
LINCOLN TOWN CAR,1998
TOYOTA CAMRY,1998
CADILLAC SEVILLE,1998
MAZDA PROTEGE,1998
FORD TAURUS,1998
LEXUS ES 300,1998
CHRYSLER CONCORDE,1998
MERCEDES SLK-CLASS,1998
FORD F150,1998
SUBARU LEGACY,1998
FORD F150,1997
PLYMOUTH BREEZE,1997
FORD EXPEDITION,1997
FORD RANGER,1997
CHEVROLET MALIBU,1997
HONDA CIVIC,1997
CHRYSLER TOWN-COUNT,1997
TOYOTA CAMRY,1997
FORD TAURUS,1997
FORD MUSTANG,1997
HONDA ACCORD,1997
GMC SAFARI,1997
FORD ECONOLINE,1997
DODGE GRAND CARA,1997
FORD F150,1997
JEEP GRAND CHER,1997
FORD CROWN VICT,1996
FORD AEROSTAR,1996
JEEP GRAND CHER,1996
CADILLAC EL DORADO,1996
TOYOTA CAMRY,1996
FORD MUSTANG,1996
SATURN S SERIES,1996
LEXUS LS 400,1996
HONDA CIVIC,1996
GMC SIERRA,1996
TOYOTA CAMRY,1996
PONTIAC FIREBIRD,1996
GMC YUKON,1996
CHEVROLET C-2500,1995
GMC YUKON,1995
CHEVROLET CAMARO,1995
NISSAN SENTRA,1995
CHEVROLET LUMINA,1995
FORD MUSTANG,1995
NISSAN MAXIMA,1995
OLDSMOBILE CUTLASS,1995
FORD WINDSTAR,1995
OLDSMOBILE 98,1994
PLYMOUTH GRAND VOYA,1994
GMC SIERRA,1994
DODGE RAM VAN,1994
BMW 3 SERIES,1994
HONDA ACCORD,1994
FORD F150,1994
CHEVROLET C-1500,1994
FORD RANGER,1994
DODGE DAKOTA,1994
MERCURY GRAND MARQ,1994
FORD F150,1993
FORD MUSTANG,1993
HONDA CIVIC,1993
MITSUBISHI 3000GT,1993
TOYOTA CAMRY,1992
FORD F150,1992
LEXUS SC 400,1992
FORD F150,1991
CHEVROLET CAPRICE,1990
MERCURY COUGAR,1990
JEEP WRANGLER,1990
HONDA MC - SPORT,1989
VOLKSWAGEN CABRIOLET,1988
DODGE CARAVAN,1988
JEEP CHEROKEE,1988
OLDSMOBILE 98,1988
HONDA CIVIC,1988
LINCOLN TOWN CAR,1988
CHEVROLET VAN,1987
JEEP COMANCHEE,1986
CHEVROLET EL CAMINO,1986
TOYOTA MR-2,1985
PORSCHE 944,1983
YAMAHA OTHER,1978